,Afghanistan,Africa,Albania,Andorra,Angola,Anguilla,Argentina,Asia,Australia,Austria,Azerbaijan,Bahamas,Bahrain,Bangladesh,Barbados,Belarus,Belgium,Belize,Bermuda,Bhutan,Bolivia,Brazil,Bulgaria,Cambodia,Canada,Cape Verde,Cayman Islands,Chile,Colombia,Costa Rica,Cote d'Ivoire,Croatia,Cyprus,Czechia,Denmark,Dominica,Dominican Republic,Ecuador,El Salvador,England,Equatorial Guinea,Estonia,Europe,European Union,Faeroe Islands,Falkland Islands,Finland,France,Gabon,Gambia,Georgia,Germany,Ghana,Gibraltar,Greece,Greenland,Grenada,Guatemala,Guernsey,Guyana,Honduras,Hong Kong,Hungary,Iceland,India,Indonesia,Iran,Iraq,Ireland,Isle of Man,Israel,Italy,Jamaica,Japan,Jersey,Jordan,Kazakhstan,Kenya,Kuwait,Laos,Latvia,Lebanon,Lithuania,Luxembourg,Macao,Malawi,Malaysia,Malta,Mauritius,Mexico,Moldova,Monaco,Montenegro,Montserrat,Morocco,Mozambique,Myanmar,Namibia,Netherlands,New Zealand,Nigeria,North America,North Macedonia,Northern Cyprus,Northern Ireland,Norway,Oceania,Oman,Pakistan,Palestine,Panama,Paraguay,Peru,Philippines,Poland,Portugal,Qatar,Romania,Russia,Rwanda,Saint Helena,Saint Kitts and Nevis,Saint Lucia,San Marino,Sao Tome and Principe,Scotland,Senegal,Serbia,Seychelles,Sierra Leone,Singapore,Slovakia,Slovenia,South Africa,South America,South Korea,Spain,Sri Lanka,Suriname,Sweden,Switzerland,Taiwan,Thailand,Togo,Trinidad and Tobago,Tunisia,Turkey,Turks and Caicos Islands,Uganda,Ukraine,United Arab Emirates,United Kingdom,United States,Uruguay,Venezuela,Vietnam,Wales,World,Zimbabwe
12/13/2020,0,0,0,0,0,0,0,0,0,0,0,0,0,0,0,0,0,0,0,0,0,0,0,0,0,0,0,0,0,0,0,0,0,0,0,0,0,0,0,55576,0,0,86465,0,0,0,0,0,0,0,0,0,0,0,0,0,0,0,0,0,0,0,0,0,0,0,0,0,0,0,0,0,0,0,0,0,0,0,0,0,0,0,0,0,0,0,0,0,0,0,0,0,0,0,0,0,0,0,0,0,0,0,0,0,3623,0,0,0,0,0,0,0,0,0,0,0,0,0,0,0,0,0,0,0,0,19009,0,0,0,0,0,0,0,0,0,0,0,0,0,0,0,0,0,0,0,0,0,0,0,0,0,86465,0,0,0,0,8257,86465,0
12/14/2020,0,0,0,0,0,0,0,0,0,0,0,0,0,0,0,0,0,0,0,0,0,0,0,0,0,0,0,0,0,0,0,0,0,0,0,0,0,0,0,0,0,0,0,0,0,0,0,0,0,0,0,0,0,0,0,0,0,0,0,0,0,0,0,0,0,0,0,0,0,0,0,0,0,0,0,0,0,0,0,0,0,0,0,0,0,0,0,0,0,0,0,0,0,0,0,0,0,0,0,0,0,0,0,0,0,0,0,0,0,0,0,0,0,0,0,0,0,0,0,0,0,0,0,0,0,0,0,0,0,0,0,0,0,0,0,0,0,0,0,0,0,0,0,0,0,0,0,0,0,0,0,0,0,0,0,0,0,0,0
12/15/2020,0,0,0,0,0,0,0,0,0,0,0,0,0,0,0,0,0,0,0,0,0,0,0,0,0,0,0,0,0,0,0,0,0,0,0,0,0,0,0,0,0,0,28500,0,0,0,0,0,0,0,0,0,0,0,0,0,0,0,0,0,0,0,0,0,0,0,0,0,0,0,0,0,0,0,0,0,0,0,0,0,0,0,0,0,0,0,0,0,0,0,0,0,0,0,0,0,0,0,0,0,0,0,0,0,0,0,0,0,0,0,0,0,0,0,0,0,0,0,28500,0,0,0,0,0,0,0,0,0,0,0,0,0,0,0,0,0,0,0,0,0,0,0,0,0,0,0,0,0,0,0,0,0,0,0,0,0,0,28500,0
12/16/2020,0,0,0,0,0,0,0,0,0,0,0,0,0,0,0,0,0,0,0,0,0,0,0,0,0,0,0,0,0,0,0,0,0,0,0,0,0,0,0,0,0,0,0,0,0,0,0,0,0,0,0,0,0,0,0,0,0,0,0,0,0,0,0,0,0,0,0,0,0,0,0,0,0,0,0,0,0,0,0,0,0,0,0,0,0,0,0,0,0,0,0,0,0,0,0,0,0,0,0,0,0,0,0,0,0,0,0,0,0,0,0,0,0,0,0,0,0,0,0,0,0,0,0,0,0,0,0,0,0,0,0,0,0,0,0,0,0,0,0,0,0,0,0,0,0,0,0,0,0,0,0,0,0,0,0,0,0,0,0
12/17/2020,0,0,0,0,0,0,0,0,0,0,0,0,0,0,0,0,0,0,0,0,0,0,0,0,0,0,0,0,0,0,0,0,0,0,0,0,0,0,0,0,0,0,0,0,0,0,0,0,0,0,0,0,0,0,0,0,0,0,0,0,0,0,0,0,0,0,0,0,0,0,0,0,0,0,0,0,0,0,0,0,0,0,0,0,0,0,0,0,0,0,0,0,0,0,0,0,0,0,0,0,0,0,0,0,0,0,0,0,0,0,0,0,0,0,0,0,0,0,0,0,0,0,0,0,0,0,0,0,0,0,0,0,0,0,0,0,0,0,0,0,0,0,0,0,0,0,0,0,0,0,0,0,0,0,0,0,0,0,0
12/18/2020,0,0,0,0,0,0,0,0,0,0,0,0,0,0,0,0,0,0,0,0,0,0,0,0,0,0,0,0,0,0,0,0,0,0,0,0,0,0,0,0,0,0,0,0,0,0,0,0,0,0,0,0,0,0,0,0,0,0,0,0,0,0,0,0,0,0,0,0,0,0,0,0,0,0,0,0,0,0,0,0,0,0,0,0,0,0,0,0,0,0,0,0,0,0,0,0,0,0,0,0,0,0,0,0,0,0,0,0,0,0,0,0,0,0,0,0,0,0,0,0,0,0,0,0,0,0,0,0,0,0,0,0,0,0,0,0,0,0,0,0,0,0,0,0,0,0,0,0,0,0,0,0,0,0,0,0,0,0,0
12/19/2020,0,0,0,0,0,0,0,61,0,0,0,0,0,0,0,0,0,0,0,0,0,0,0,0,0,0,0,0,0,0,0,0,0,0,0,0,0,0,0,0,0,0,0,0,0,0,0,0,0,0,0,0,0,0,0,0,0,0,0,0,0,0,0,0,0,0,0,0,0,0,61,0,0,0,0,0,0,0,0,0,0,0,0,0,0,0,0,0,0,0,0,0,0,0,0,0,0,0,0,0,0,0,0,0,0,0,0,0,0,0,0,0,0,0,0,0,0,0,0,0,0,0,0,0,0,0,0,0,0,0,0,0,0,0,0,0,0,0,0,0,0,0,0,0,0,0,0,0,0,0,0,0,0,0,0,0,0,61,0
12/20/2020,0,0,0,0,0,0,0,7372,0,0,0,0,0,0,0,0,0,0,0,0,0,0,0,0,0,0,0,0,0,0,0,0,0,0,0,0,0,0,0,519253,0,0,588821,0,0,0,0,0,0,0,0,0,0,0,0,0,0,0,0,0,0,0,0,0,0,0,0,0,0,0,7372,0,0,0,0,0,0,0,0,0,0,0,0,0,0,0,0,0,0,0,0,0,0,0,0,0,0,0,0,0,0,556208,0,0,12445,0,0,0,0,0,0,0,0,0,0,0,0,0,0,0,0,0,0,0,0,41324,0,0,0,0,0,0,0,0,0,0,0,0,0,0,0,0,0,0,0,0,0,0,0,0,0,588821,556208,0,0,0,15799,1152401,0
12/21/2020,0,0,0,0,0,0,0,24871,0,0,0,0,0,0,0,0,0,0,0,0,0,0,0,0,0,0,0,0,0,0,0,0,0,0,0,0,0,0,0,0,0,0,0,0,0,0,0,0,0,0,0,0,0,0,0,0,0,0,0,0,0,0,0,0,0,0,0,0,0,0,24871,0,0,0,0,0,0,0,0,0,0,0,0,0,0,0,0,0,0,0,0,0,0,0,0,0,0,0,0,0,0,57909,0,0,0,0,0,0,0,0,0,0,0,0,0,0,0,0,0,0,0,0,0,0,0,0,0,0,0,0,0,0,0,0,0,0,0,0,0,0,0,0,0,0,0,0,0,0,0,0,0,0,57909,0,0,0,0,82780,0
12/22/2020,0,0,0,0,0,0,0,44610,0,0,0,0,0,0,0,0,0,0,0,0,0,0,0,0,0,0,0,0,0,0,0,0,0,0,0,0,0,0,0,0,0,0,23500,0,0,0,0,0,0,0,0,0,0,0,0,0,0,0,0,0,0,0,0,0,0,0,0,0,0,0,44610,0,0,0,0,0,0,0,0,0,0,0,0,0,0,0,0,0,0,0,0,0,0,0,0,0,0,0,0,0,0,0,0,0,0,0,0,0,0,0,0,0,0,0,0,0,0,0,23500,0,0,0,0,0,0,0,0,0,0,0,0,0,0,0,0,0,0,0,0,0,0,0,0,0,0,0,0,0,0,0,0,0,0,0,0,0,0,68110,0
12/23/2020,0,0,0,0,0,0,0,101779,0,0,0,0,38965,0,0,0,0,0,0,0,0,0,0,0,0,0,0,0,0,0,0,0,0,0,0,0,0,0,0,0,0,0,0,0,0,0,0,0,0,0,0,0,0,0,0,0,0,0,0,0,0,0,0,0,0,0,0,0,0,0,62814,0,0,0,0,0,0,0,0,0,0,0,0,0,0,0,0,0,0,0,0,0,0,0,0,0,0,0,0,0,0,393908,0,0,0,0,0,0,0,0,0,0,0,0,0,0,0,0,0,0,0,0,0,0,0,0,0,0,0,0,0,0,0,0,0,0,0,0,0,0,0,0,0,0,0,0,0,0,0,0,0,0,393908,0,0,0,0,495687,0
12/24/2020,0,0,0,0,0,0,0,84399,0,0,0,0,11106,0,0,0,0,0,0,0,0,0,0,0,0,0,0,420,0,0,0,0,0,0,0,0,0,0,0,0,0,0,0,0,0,0,0,0,0,0,0,0,0,0,0,0,0,0,0,0,0,0,0,0,0,0,0,0,0,0,73293,0,0,0,0,0,0,0,0,0,0,0,0,0,0,0,0,0,0,2924,0,0,0,0,0,0,0,0,0,0,0,2924,0,0,0,0,0,0,0,0,0,0,0,0,0,0,0,0,0,0,0,0,0,0,0,0,0,0,0,0,0,0,0,0,420,0,0,0,0,0,0,0,0,0,0,0,0,0,0,0,0,0,0,0,0,0,0,87743,0
12/25/2020,0,0,0,0,0,0,0,38910,0,0,0,0,472,0,0,0,0,0,0,0,0,0,0,0,0,0,0,4778,0,0,0,0,0,0,0,0,0,0,0,0,0,0,0,0,0,0,0,0,0,0,0,0,0,0,0,0,0,0,0,0,0,0,0,0,0,0,0,0,0,0,38438,0,0,0,0,0,0,0,0,0,0,0,0,0,0,0,0,0,0,0,0,0,0,0,0,0,0,0,0,0,0,0,0,0,0,0,0,0,0,0,0,0,0,0,0,0,0,0,0,0,0,0,0,0,0,0,0,0,0,0,0,0,0,0,4778,0,0,0,0,0,0,0,0,0,0,0,0,0,0,0,0,0,0,0,0,0,0,43688,0
12/26/2020,0,0,0,0,0,0,0,33565,0,0,0,0,1013,0,0,0,0,0,0,0,0,0,0,0,0,0,0,3140,0,0,0,0,0,0,0,0,0,0,0,0,0,0,0,0,0,0,0,0,0,0,0,0,0,0,0,0,0,0,0,0,0,0,0,0,0,0,0,0,0,0,32552,0,0,0,0,0,0,0,0,0,0,0,0,0,0,0,0,0,0,0,0,0,0,0,0,0,0,0,0,0,0,936560,0,0,0,0,0,0,0,0,0,0,0,0,0,0,0,0,0,0,0,0,0,0,0,0,0,0,0,0,0,0,0,0,3140,0,0,0,0,0,0,0,0,0,0,0,0,0,0,0,0,0,936560,0,0,0,0,973265,0
12/27/2020,0,0,0,0,0,0,0,106338,0,720,0,0,2058,0,0,0,0,0,0,0,0,0,0,0,0,0,0,311,0,0,0,0,0,1249,6414,0,0,0,0,267809,0,0,380506,50714,0,0,0,13,0,0,0,23779,0,0,0,0,0,0,0,0,0,0,0,0,0,0,0,0,0,0,104280,7151,0,0,0,0,0,0,0,0,0,0,2420,0,0,0,0,0,0,3900,0,0,0,0,0,0,0,0,0,0,0,3900,0,0,14948,5,0,0,0,0,0,0,0,0,0,0,0,965,0,0,0,0,0,0,0,34535,0,0,0,0,0,0,6039,0,311,0,0,0,0,1964,0,0,0,0,0,0,0,0,0,0,0,329787,0,0,0,0,12495,491055,0
12/28/2020,0,0,0,0,0,0,0,137835,0,1294,0,0,1400,0,0,0,298,0,0,0,0,0,0,0,0,0,0,0,0,0,0,0,0,2293,1989,0,0,0,0,0,0,0,34802,34198,0,0,0,39,0,0,0,18386,0,0,447,0,0,0,0,0,0,0,0,0,0,0,0,0,0,0,134718,1421,0,0,0,0,0,0,0,0,596,0,2787,0,0,0,0,0,0,2755,0,0,0,0,0,0,0,0,0,0,0,185313,0,0,0,604,0,1717,0,0,0,0,0,0,2000,0,0,1101,0,0,0,0,0,0,0,0,0,0,0,0,0,0,1547,0,0,0,0,0,0,0,0,0,0,0,0,0,0,0,0,0,0,0,182558,0,0,0,0,357950,0
12/29/2020,0,0,0,0,0,0,0,158503,0,1615,0,0,1027,0,0,0,1,0,0,0,0,0,1719,0,0,0,0,0,0,0,0,0,0,3442,8856,0,0,0,0,0,0,0,76142,75075,0,0,0,86,0,0,0,47613,0,0,630,0,0,0,0,0,0,0,0,0,0,0,0,0,0,0,155830,1005,0,0,0,0,0,0,0,0,873,0,2987,0,0,0,0,0,0,8950,0,0,0,0,0,0,0,0,0,0,0,8950,0,0,0,1067,0,1646,0,0,0,0,0,0,4300,0,0,712,0,0,0,0,0,0,0,0,0,0,0,0,0,0,1236,0,0,0,0,0,0,0,0,0,0,0,0,0,0,0,0,0,0,0,0,0,0,0,0,243595,0
12/30/2020,0,0,0,0,0,0,0,155549,0,1346,0,0,1276,0,0,0,478,0,0,0,0,0,2889,0,0,0,0,0,0,0,0,7864,0,3466,11356,0,0,0,0,0,0,0,135786,130484,0,0,0,99,0,0,0,60821,0,0,645,0,0,0,0,0,0,0,0,4875,0,0,0,0,0,0,152593,4724,0,0,0,0,0,0,0,0,791,0,1532,1200,0,0,0,0,0,6469,0,0,0,0,0,0,0,0,0,0,0,673914,0,0,0,427,0,1680,0,0,0,0,0,0,30000,0,0,2888,0,0,0,0,0,0,0,0,0,0,0,0,0,0,385,0,0,0,0,0,0,0,0,0,0,0,0,0,0,0,0,0,0,0,667445,0,0,0,0,965249,0
12/31/2020,0,0,0,0,0,0,0,160801,0,8,0,0,1326,0,0,0,9,0,0,0,0,0,0,0,0,0,0,0,0,0,0,0,0,1306,6095,0,0,0,0,0,0,0,99811,99739,0,0,0,79,0,0,0,48359,0,0,617,0,0,0,0,0,0,0,0,0,0,0,0,0,0,0,158002,25466,0,0,0,0,0,0,0,0,0,0,25,0,0,0,0,0,0,0,0,0,0,0,0,0,0,0,0,0,0,0,0,0,0,72,0,1473,0,0,0,0,0,0,11300,0,0,4623,0,0,0,0,0,0,0,0,0,0,0,0,0,0,1852,0,0,0,0,0,0,0,0,0,0,0,0,0,0,0,0,0,0,0,0,0,0,0,0,260612,0
1/1/2021,0,0,0,0,0,0,0,71873,0,3,0,0,708,0,0,0,8,0,0,0,0,0,131,0,0,0,0,0,0,0,0,0,0,260,2314,0,0,0,0,0,0,0,34838,34832,0,0,0,9,0,0,0,19275,0,0,264,0,0,0,0,0,0,0,0,0,0,0,0,0,0,0,71165,11051,0,0,0,0,0,0,0,0,0,0,0,0,0,0,0,0,0,0,0,0,0,0,0,0,0,0,0,0,0,0,0,0,0,6,0,0,0,0,0,0,0,0,0,0,0,1367,0,0,0,0,0,0,0,0,0,0,0,0,0,0,150,0,0,0,0,0,0,0,0,0,0,0,0,0,0,0,0,0,0,0,0,0,0,0,0,106711,0
1/2/2021,0,0,0,0,0,0,0,73013,0,6,0,0,746,0,0,0,0,0,0,0,0,0,0,0,0,0,0,0,0,0,0,0,0,1250,8785,0,0,0,0,0,0,0,854303,106303,0,0,0,42,0,0,0,52390,0,0,546,0,0,0,0,0,0,0,0,0,0,0,0,0,0,0,71552,38503,0,0,0,0,0,0,0,0,0,0,0,0,0,0,0,0,0,0,0,0,0,0,0,0,0,0,0,0,0,1431168,0,0,0,0,0,715,0,0,0,0,0,0,2791,0,0,1586,748000,0,0,0,0,0,0,0,0,0,0,0,0,0,404,0,0,0,0,0,0,0,0,0,0,0,0,0,0,0,0,0,0,0,1431168,0,0,0,0,2358484,0
1/3/2021,0,0,0,0,0,0,0,151442,0,1,0,0,592,0,0,0,0,0,0,0,0,0,0,0,0,0,0,0,0,0,0,4421,0,913,5925,0,0,0,0,330037,0,0,460522,85162,0,0,0,74,0,0,0,24091,0,0,720,0,0,0,0,0,0,0,0,0,0,0,0,0,0,0,149255,35132,0,0,0,0,0,0,0,0,0,0,0,0,0,0,0,0,0,0,0,0,0,0,0,0,0,0,0,0,0,0,0,0,9669,3,0,1595,0,0,0,0,0,0,442,0,0,354,0,0,0,0,0,0,0,21446,0,0,0,0,0,0,555,0,0,0,0,0,0,12534,0,0,0,0,0,0,0,0,0,0,0,375357,0,0,0,0,14205,611964,0
1/4/2021,0,0,0,0,0,0,0,154524,0,114,0,0,923,0,0,0,3,0,0,0,0,0,0,0,0,0,0,405,0,0,0,0,0,3563,2389,0,0,0,0,0,0,0,268781,268775,0,0,0,1359,0,0,0,48346,0,0,6458,0,0,0,0,0,0,0,0,0,0,0,0,0,0,0,151699,68630,0,0,0,0,0,0,0,0,699,0,1,0,0,0,0,0,0,18962,0,0,0,0,0,0,0,0,0,0,0,356466,0,0,0,6,0,1902,0,0,0,0,0,0,41387,0,0,11912,0,0,0,0,0,0,0,0,0,0,0,0,0,0,1080,0,405,0,82834,0,0,0,0,0,0,0,0,0,0,0,0,0,0,0,337504,0,0,0,0,780176,0
1/5/2021,0,0,0,0,0,0,0,129002,0,1761,0,0,2281,0,0,0,1647,0,0,0,0,0,709,0,0,0,0,1443,0,0,0,1513,0,4493,13388,0,0,0,0,0,0,0,296028,292643,0,0,0,4944,0,0,0,53334,0,0,6304,0,0,0,0,0,0,0,0,0,0,0,0,0,0,0,124698,79538,0,0,0,0,0,0,0,0,889,0,623,0,0,0,0,0,0,4276,0,0,0,0,0,0,0,0,0,0,0,277485,0,0,0,3385,0,2023,0,0,0,0,0,0,48006,0,0,16101,0,0,0,0,0,0,0,0,0,0,0,0,0,425,2463,0,1443,0,56505,0,0,0,0,0,0,0,0,0,0,0,0,0,0,0,273209,0,0,0,0,703958,0
1/6/2021,0,0,0,0,0,0,0,108741,0,832,0,0,4579,0,0,0,3879,0,0,0,0,0,2465,0,0,0,0,205,0,0,0,0,3901,5809,19554,0,0,0,0,0,0,0,240548,231484,0,0,0,10320,0,0,0,62743,0,0,3985,0,0,0,0,0,0,0,0,0,0,0,0,0,0,0,102908,65175,0,0,0,0,0,0,0,0,776,0,3500,0,0,0,0,0,0,4949,0,0,0,0,0,0,0,0,0,0,0,475277,0,0,0,9064,0,1254,0,0,0,0,0,0,20133,0,0,16945,0,0,0,0,0,0,0,0,0,0,0,0,0,6193,5274,0,205,0,0,0,0,0,0,0,0,0,0,0,0,0,0,0,0,0,470328,0,0,0,0,824771,0
1/7/2021,0,0,0,0,0,0,0,120305,0,3154,0,0,3767,0,0,0,8181,0,0,0,0,0,3204,0,217273,0,0,0,0,0,0,6805,0,7948,17311,0,0,0,0,0,0,0,364989,358436,0,0,0,26218,0,0,0,55746,0,0,5829,0,0,0,0,0,0,0,0,0,0,0,0,0,0,0,115632,92154,0,0,0,0,0,0,0,0,809,0,4155,0,0,0,0,0,0,5217,0,0,0,0,0,0,0,0,0,0,0,835111,0,0,0,6553,0,906,0,0,0,0,0,0,28597,0,0,17846,0,0,0,0,0,0,0,0,0,0,0,0,0,7043,5452,0,0,0,67984,0,0,0,0,0,0,0,0,0,0,0,0,0,0,0,612621,0,0,0,0,1320405,0
1/8/2021,0,0,0,0,0,0,0,72325,0,12904,0,0,6052,0,0,0,9231,0,0,0,0,0,2238,0,39328,0,0,0,0,0,0,4382,0,9919,8372,0,0,0,0,0,0,0,368214,359598,0,0,0,32740,0,0,0,62365,0,0,8827,0,0,0,0,0,0,0,0,0,0,0,0,0,0,0,66204,95496,0,0,0,0,0,0,0,0,906,0,5173,0,0,0,0,0,0,9066,0,0,0,0,0,0,0,0,0,0,0,817207,0,0,0,1616,0,69,0,0,0,0,0,0,9831,0,0,16306,0,0,0,0,0,0,0,0,0,7000,0,0,0,7041,3214,0,0,0,70653,0,0,0,0,0,0,0,0,0,0,0,0,0,0,0,768813,0,0,0,0,1257746,0
1/9/2021,0,0,0,0,0,0,0,50320,0,4372,0,0,5866,0,0,0,3206,0,0,0,0,0,118,0,33760,0,0,0,0,0,0,5015,0,2007,1898,0,0,0,0,0,0,0,193161,193026,0,0,0,10293,0,0,0,60799,0,0,5155,0,0,0,0,0,0,0,0,0,0,0,0,0,0,0,44411,86861,0,0,0,0,0,0,0,0,305,0,304,0,0,0,0,0,0,7326,0,0,0,0,0,0,0,0,0,0,0,41086,0,0,0,135,0,43,0,0,0,0,0,0,1235,0,0,9595,0,0,0,0,0,0,0,0,0,0,0,0,0,1609,254,0,0,0,0,0,0,0,0,0,0,0,0,0,0,0,0,0,0,0,0,0,0,0,0,284567,0
1/10/2021,0,0,0,0,0,0,0,880029,0,2203,0,0,5093,0,0,0,399,0,0,0,0,0,0,0,23358,0,0,0,0,0,0,0,2134,1719,813,0,0,0,0,786476,0,0,1067732,158762,0,0,0,5314,0,0,0,34974,0,420,4218,0,0,0,0,0,0,0,0,0,0,0,0,0,0,0,37484,60325,0,0,0,0,0,0,0,0,336,0,3,0,0,0,0,0,0,6506,0,0,0,0,0,0,0,0,0,0,0,29864,0,0,37320,108,0,884,0,0,0,0,0,0,3031,0,0,5993,0,0,0,0,0,0,0,47063,0,2300,0,0,0,3045,1,0,0,0,0,0,0,34254,0,0,0,0,0,0,0,0,0,0,836568,906142,0,0,0,0,35283,1977625,0
1/11/2021,0,0,0,0,0,0,0,30115,0,5567,0,0,3348,0,0,0,5579,0,0,0,0,0,688,0,39446,0,0,0,0,0,0,0,0,9775,657,0,0,0,0,121129,0,0,563315,416859,0,0,0,33783,0,0,0,65884,0,1025,5400,0,0,0,0,0,0,0,0,0,0,0,0,0,0,0,20987,80876,0,0,0,0,0,0,0,0,1367,0,2209,743,0,0,0,0,0,5760,0,0,0,0,0,0,0,0,0,0,0,2344297,0,0,6182,355,0,2380,0,0,0,0,0,0,54781,0,0,16896,0,0,0,0,0,0,0,12565,0,0,0,0,3400,4055,484,0,0,0,128115,0,0,0,0,0,0,0,0,0,0,0,0,0,0,145076,2299091,0,0,0,5200,2937727,0
1/12/2021,0,0,128,0,0,0,0,34169,0,14307,0,0,5178,0,0,0,15616,0,0,0,0,0,1619,0,29282,0,0,0,0,0,0,0,0,13345,462,0,0,0,0,174276,0,0,648318,435213,0,0,0,53707,0,0,0,82337,0,1056,6430,0,0,0,0,0,0,0,0,0,0,0,0,0,0,0,23829,81804,0,0,0,0,0,0,0,0,1627,0,2087,429,0,0,0,0,0,5819,0,0,0,0,0,0,0,0,0,0,0,374917,0,0,7230,4260,0,2362,0,0,0,0,0,0,51786,0,0,15257,0,0,0,0,0,0,0,16023,0,0,0,0,2800,10566,1803,0,0,0,82031,0,0,0,0,0,0,0,0,0,0,0,0,0,0,207661,339816,0,0,0,10132,1057404,0
1/13/2021,0,2000,60,0,0,0,0,57511,0,15015,0,0,3587,0,0,0,21328,0,0,0,0,0,1258,0,20442,0,0,1,0,0,0,4553,0,13466,12676,0,0,0,0,239815,0,0,1013135,524356,0,0,0,56667,0,0,0,110188,0,0,8457,0,0,0,0,0,0,0,0,0,0,0,0,0,0,0,51824,94131,0,0,0,0,0,0,0,0,1511,0,6234,499,0,0,0,0,0,99688,0,0,0,0,0,0,0,0,0,0,0,120130,0,0,11284,9776,0,2100,0,0,0,0,0,0,59592,0,0,13821,200000,0,0,0,0,0,0,16242,0,0,2000,0,0,6750,4694,0,1,0,93516,0,0,0,0,0,0,0,0,0,0,0,0,0,0,278943,0,0,0,0,11602,1192777,0
1/14/2021,0,0,78,0,0,0,0,65873,0,16357,0,0,8203,0,0,0,23149,0,0,0,0,0,648,0,35465,0,0,2118,0,0,0,3447,0,15156,17821,0,0,0,0,274793,0,0,823221,489141,0,0,0,70420,0,0,0,82106,0,0,6028,0,0,0,0,0,0,0,0,0,0,0,0,0,0,0,56215,93258,0,0,0,0,0,0,0,0,1823,0,8628,362,0,0,0,0,0,137416,0,0,0,0,0,0,0,0,0,0,0,536500,0,0,11866,8472,0,1455,0,0,0,0,0,0,41268,0,0,0,0,0,0,0,0,0,0,16633,0,8836,0,0,0,7456,6666,0,2118,0,94548,0,0,0,0,0,0,0,0,0,0,0,0,0,0,316694,363619,0,0,0,13402,1427712,0
1/15/2021,0,2000,42,0,0,0,0,43812,0,17729,0,0,13253,0,0,0,23271,0,0,0,0,0,440,0,42792,0,0,957,0,24804,0,3532,0,13910,15125,0,0,0,0,320894,0,0,834234,485764,0,0,0,58640,0,0,0,89148,0,2634,4452,0,0,0,0,0,0,0,0,0,0,0,0,0,0,0,30559,89103,0,0,0,0,0,0,0,0,1873,0,7272,0,0,0,0,0,0,85434,0,0,0,0,0,0,0,0,0,0,0,1058139,0,0,3339,4477,0,0,0,0,0,0,0,0,26483,0,0,29401,0,0,0,0,0,0,0,17084,0,0,2000,0,0,7854,4767,0,957,0,92764,0,0,0,0,0,0,0,0,0,0,0,0,0,0,341317,905109,0,0,0,0,1939142,0
1/16/2021,0,3000,61,0,0,0,0,235415,0,6710,0,0,14340,0,0,0,5157,0,1665,0,0,0,206,0,33365,0,0,23,0,0,0,4374,4191,3371,4587,0,0,0,0,275434,0,0,505417,207767,0,0,0,17480,0,0,0,55869,0,712,4977,0,0,0,0,0,0,0,0,0,191181,0,0,0,0,0,29325,64628,0,0,0,0,0,0,0,0,667,0,1103,0,0,0,0,0,0,45608,0,0,0,0,0,0,0,0,0,0,0,80638,0,0,2481,746,0,569,0,0,0,0,0,0,20340,0,0,12421,0,0,0,0,0,0,0,18216,0,0,3000,0,0,1362,324,0,23,0,0,0,0,0,0,0,0,0,0,0,0,0,0,0,0,296131,0,0,0,0,0,824493,0
1/17/2021,0,0,36,0,0,0,0,105733,0,5283,0,0,4404,0,0,0,3298,0,0,0,0,112,121,0,25070,0,0,0,0,0,0,0,0,2592,2508,0,0,0,0,154564,0,0,460351,269859,0,0,0,9584,0,0,0,30366,0,0,0,0,0,0,0,0,0,0,0,0,33120,0,0,0,0,0,68209,33821,0,0,0,0,0,0,0,0,117,0,42,522,0,0,0,11705,0,7683,0,0,0,0,0,0,0,0,77000,0,0,32753,0,0,5330,349,0,0,0,0,0,0,0,0,11492,0,0,7220,0,0,0,0,0,0,0,4851,0,0,0,0,0,54,4,0,112,0,0,0,0,74130,0,0,0,0,0,0,0,0,0,0,0,190107,0,0,0,0,25362,598949,0
1/18/2021,0,0,42,0,0,0,0,300514,0,10345,0,0,1268,0,0,0,10900,0,0,0,0,997,71,0,43175,0,0,11045,0,4453,0,0,0,12449,3856,0,0,0,0,167150,0,0,750804,544814,0,0,0,76163,0,0,0,64660,0,588,5086,0,0,0,0,0,0,0,129689,0,229748,0,0,0,0,0,69498,38364,0,0,0,0,0,0,0,0,273,0,2842,814,0,0,0,1297,0,17275,0,0,0,0,0,0,0,0,0,0,0,64903,0,0,7140,1284,0,0,0,0,0,0,0,0,22901,0,0,29979,0,0,0,0,0,0,0,19591,0,0,0,0,0,8386,62,0,12042,0,126677,0,0,0,0,0,0,0,0,0,0,0,0,0,0,204076,0,0,0,0,10195,1128263,0
1/19/2021,0,3976,36,0,0,0,0,294208,0,24084,0,0,765,0,0,0,19047,0,0,0,0,10361,534,0,33708,0,0,19355,0,0,0,8398,0,12429,2468,0,0,0,0,298373,0,0,797831,449461,0,0,0,117662,0,0,0,79485,0,582,7907,0,0,0,0,0,0,0,629,0,220786,0,0,0,0,0,72657,30704,0,0,0,0,0,0,0,0,72,0,2373,725,0,0,0,1274,0,2530,0,0,0,0,0,0,0,0,0,0,0,3036175,0,0,5579,4589,0,0,0,0,0,0,0,0,38359,0,0,34136,0,0,0,0,0,0,0,25327,0,0,3976,0,0,7490,556,0,29716,0,61129,0,0,0,0,0,0,0,0,0,0,0,0,0,0,343163,2999937,0,0,0,13884,4161906,0
1/20/2021,0,2187,36,0,0,0,243539,208694,0,22014,0,0,534,0,0,0,20741,0,0,0,0,17073,776,0,26550,0,0,9309,0,0,0,0,0,13534,1499,0,0,0,0,318151,0,0,843373,442442,0,0,0,123238,0,0,0,78740,0,0,14785,0,0,0,0,0,0,0,4236,850,131649,0,0,0,0,0,76511,25691,0,0,0,0,0,0,0,0,19,0,1636,899,0,0,0,1040,0,1115,0,0,0,0,0,0,0,0,0,0,0,702303,0,0,5776,10062,0,0,0,0,0,0,0,0,36738,0,0,35146,0,0,0,0,0,0,0,24962,0,26475,2187,0,0,7018,1153,0,269921,0,53539,0,0,0,0,0,0,0,0,0,0,0,0,0,0,363508,674638,0,0,0,14619,2026478,0
1/21/2021,0,0,30,0,0,0,5833,306693,0,19361,0,0,0,0,0,0,30058,0,0,0,0,107976,885,0,32486,0,0,3062,0,0,0,0,0,15484,1518,0,0,0,0,357563,0,0,896649,437177,0,0,0,141407,0,0,0,63748,0,930,15500,0,0,0,0,0,0,0,4429,0,237050,0,0,0,0,0,69643,15577,0,0,0,0,0,0,0,0,266,0,911,704,0,0,0,1215,0,44689,0,0,0,0,0,0,0,0,0,0,0,859991,0,0,6827,8436,0,0,0,0,0,0,0,0,38520,0,0,35682,0,0,0,0,0,0,0,23583,0,40221,0,0,0,6671,1291,0,116871,0,43950,0,0,0,0,0,0,0,0,0,0,0,0,0,0,409855,782816,0,0,0,21882,2180204,0
1/22/2021,0,3727,0,0,0,0,5084,570560,0,11006,0,0,0,0,0,0,29373,0,0,0,0,109358,777,0,26969,0,0,412,0,0,0,0,0,14720,663,0,0,108,0,424478,0,0,907323,389949,0,0,0,109336,0,0,0,67453,0,930,17631,0,0,0,0,0,0,0,4201,0,347058,132000,0,0,0,0,37702,12150,0,0,0,0,0,0,0,0,198,0,323,0,0,0,0,1236,0,60408,0,0,0,0,0,0,0,0,0,0,0,1277213,0,0,3327,3317,0,0,0,0,0,0,0,0,33485,0,0,36429,0,0,0,0,0,0,0,22213,0,34879,3727,0,53800,6637,1207,0,114962,0,43124,0,0,0,0,0,0,0,0,0,0,0,0,0,0,478248,1189836,0,0,0,28230,2873785,0
1/23/2021,0,1463,0,0,0,0,4420,261439,0,3092,0,0,0,0,0,0,8240,0,1267,0,0,291897,13,0,16012,0,0,0,0,0,0,0,5096,3264,761,0,0,0,0,443330,0,0,705374,168471,0,0,0,35431,0,0,0,40655,0,930,15668,0,0,0,0,0,0,0,2073,0,191609,0,0,0,0,0,39830,5665,0,0,0,30000,0,0,0,0,126,0,8,0,0,0,0,1163,0,1571,0,0,0,0,0,0,0,0,0,0,0,1166102,0,0,1278,359,0,0,0,0,0,0,0,0,15386,0,0,31325,0,0,0,0,0,0,0,23371,0,43644,1463,0,0,276,229,0,296317,0,0,0,0,0,0,0,0,0,0,0,0,0,0,0,0,491970,1147252,0,0,0,23991,2430695,0
1/24/2021,0,0,0,0,0,0,1160,119461,0,1228,0,0,0,0,0,0,1876,0,0,0,0,66948,24,0,10089,0,0,0,0,0,0,0,0,2237,609,0,0,0,0,198592,0,0,591142,301362,0,0,0,8821,0,0,0,25418,0,534,0,0,0,0,6151,0,0,0,1438,0,33303,17242,0,0,0,0,68916,3028,0,0,8334,0,0,0,0,0,0,0,0,0,0,0,0,-147,0,8145,0,0,0,0,0,0,0,0,69612,0,0,1130020,0,0,3998,67,0,0,0,0,0,0,0,0,5569,0,0,27123,0,0,0,0,0,0,0,11364,0,54445,0,0,0,0,16,0,68108,0,51526,0,0,102984,0,0,0,0,0,0,0,0,0,0,0,220249,1111786,0,0,0,6295,1908731,0
1/25/2021,0,1536,0,576,0,0,86,501735,0,1379,0,0,0,0,0,0,11255,0,0,0,0,95886,596,0,11098,0,0,17,0,16450,0,3773,0,9599,269,0,0,0,0,234851,0,0,707560,379122,0,0,106098,71077,0,0,0,58005,0,198,14924,0,0,0,0,0,0,0,2981,4708,408305,12717,0,0,0,3897,80713,4505,0,0,0,0,0,0,0,0,19,0,102,412,0,0,0,926,0,11949,0,0,0,0,0,0,0,0,0,0,0,789645,0,0,3675,581,0,0,0,0,0,0,0,0,41469,0,0,26438,0,0,0,0,0,0,0,22498,0,38721,1536,0,0,6668,3,0,95989,0,18624,0,0,0,0,0,0,0,0,0,0,0,0,0,0,279757,750148,0,0,0,18733,2096465,0
1/26/2021,0,2823,0,0,0,0,6847,189691,0,7525,0,0,21823,0,0,0,10951,0,0,0,0,148275,1538,0,14333,0,0,21,0,0,0,0,0,10479,213,0,0,0,0,259306,0,0,710056,332851,0,0,3949,90807,0,0,0,50892,0,534,12720,0,0,0,0,0,0,0,3028,0,5671,83726,0,0,0,350,78471,4038,0,0,0,0,0,0,0,0,30,0,2471,971,0,0,0,968,0,4615,0,0,0,0,0,0,0,0,0,0,0,668906,0,0,4823,2278,0,0,0,0,0,0,0,0,81191,0,0,28144,0,0,0,0,0,0,0,24192,0,62983,2823,0,0,6972,88,0,155143,0,15876,0,0,0,0,0,0,0,0,0,0,0,0,0,0,311060,649958,0,0,0,22739,1726619,0
1/27/2021,0,2875,0,0,0,0,5354,525095,0,7424,0,0,1778,26,0,0,13046,0,0,0,0,281002,1578,0,55127,0,0,1,0,0,0,0,0,8967,205,0,0,2874,0,251902,0,0,863546,496853,0,0,7508,97120,0,0,0,51565,0,0,13551,2584,0,0,0,0,0,0,8511,269,326499,62318,0,0,147700,303,77674,5881,0,0,0,0,0,0,0,0,81,0,3829,827,0,0,0,740,0,3725,0,0,0,0,0,0,3800,0,0,0,0,847169,0,0,7144,11417,0,0,0,0,0,0,0,0,76061,0,0,25718,0,0,0,0,0,0,0,29566,0,42326,2875,0,53000,6791,286,0,289231,0,19464,0,0,0,0,0,0,0,0,0,0,0,0,0,0,312378,785733,0,0,0,23766,2527916,0
1/28/2021,0,3192,0,0,0,0,4225,714010,0,7154,0,0,1709,541,0,0,15537,0,0,0,0,321015,1508,0,14955,0,0,0,0,0,0,0,0,7026,228,0,0,0,0,343193,0,25415,833267,366270,0,0,10228,109708,0,0,0,44927,0,1259,12327,0,0,0,0,0,0,0,14068,0,572074,60315,0,0,0,693,79371,4513,0,0,0,0,0,0,0,0,29,0,3386,783,0,0,0,745,0,1798,0,0,0,0,0,0,0,0,0,0,0,1027389,0,0,20847,10900,0,0,0,0,0,0,0,0,59434,0,0,20917,0,0,0,0,0,0,0,24197,0,39726,3192,0,0,8350,523,0,325240,0,19464,0,0,0,0,0,0,0,0,0,0,0,0,0,0,414419,1010636,0,0,0,26182,2903098,0
1/29/2021,0,2082,0,0,0,0,1903,650833,0,5294,0,0,370,0,0,0,12070,0,0,0,0,205951,1103,0,11941,0,0,0,0,0,0,0,0,6170,1124,0,0,0,0,436360,0,997,793873,267989,3993,0,9768,80645,0,0,0,51109,0,534,10133,0,0,0,0,0,0,0,23000,0,571974,36694,0,0,0,586,36509,4542,0,0,0,0,0,0,0,0,52,0,2988,0,0,0,0,691,0,4292,0,0,0,0,0,0,0,0,0,0,0,1175945,0,0,7934,3812,0,0,0,0,0,0,0,0,27692,0,0,20578,0,0,0,0,0,0,0,27515,0,29203,2082,0,0,9465,568,0,207854,0,0,5286,0,0,0,0,0,0,0,0,0,0,0,0,0,487756,1159712,0,0,0,15947,2830587,0
1/30/2021,0,0,0,0,0,0,2572,388875,0,1317,0,0,623,0,0,0,1590,0,1965,0,0,266962,101,0,6687,0,0,0,0,0,0,0,4296,717,1209,0,0,0,0,539691,0,1221,754724,149567,0,0,6969,26584,0,0,0,34919,0,0,11778,0,0,0,0,0,0,0,23722,0,244307,77133,0,0,0,0,34273,3986,0,0,0,0,0,0,0,0,4,0,196,0,0,0,0,538,0,478,0,0,0,0,0,0,0,0,0,0,0,1214977,0,0,10536,147,0,0,0,0,0,0,0,0,12853,0,0,16167,0,0,0,0,0,0,0,22899,0,6621,0,0,0,1389,11,0,269534,0,0,32539,0,0,0,0,0,0,0,0,0,0,0,0,0,598389,1205847,0,0,0,25263,2628110,0
1/31/2021,0,0,0,0,0,0,0,173092,0,352,0,0,1135,0,0,0,574,0,0,0,0,122710,84,0,2628,0,0,0,0,0,0,0,0,699,1233,0,0,0,0,289359,0,267,686969,364437,0,0,0,6584,0,0,0,26432,0,20,0,0,0,0,0,0,0,0,15867,0,14509,10988,0,0,2800,0,73131,2470,0,0,3373,10000,0,0,0,0,0,0,8,858,0,0,0,420,0,187,0,0,0,0,0,0,0,0,181222,0,0,1139793,0,0,7208,101,0,0,0,0,0,0,0,0,17914,0,0,14127,0,0,0,0,0,0,0,9628,0,0,0,0,42000,113,0,0,122710,0,29046,21329,0,63367,0,0,0,0,0,0,0,0,0,0,0,319038,1136978,0,0,0,12843,2122564,0
2/1/2021,0,4425,0,460,0,0,554,357645,0,1557,0,0,1344,0,0,0,3918,0,0,0,0,61101,937,0,13836,0,0,0,0,156,0,752,0,3930,752,0,0,0,0,280513,0,286,550838,199744,0,0,1037,54586,0,0,0,57997,0,88,14852,0,0,0,0,0,0,0,5264,0,191313,46399,0,0,0,0,82193,4332,0,0,0,0,0,0,0,0,13,0,1051,588,0,0,0,715,207,262,0,0,0,0,0,0,0,0,0,0,0,836264,0,0,11620,198,0,0,0,0,0,0,0,0,22220,0,0,12917,0,0,0,0,0,0,0,34881,0,0,4218,0,0,8851,23,0,61655,0,3166,36396,0,0,0,0,0,0,0,0,0,0,0,0,0,350348,822010,0,0,0,23334,1810827,0
2/2/2021,0,1205,0,0,0,0,0,359679,0,3096,0,0,1163,0,0,0,10137,0,0,0,0,184927,1839,0,7940,0,0,13189,0,0,0,0,0,4110,2032,0,0,0,0,300173,0,721,714033,273185,0,0,213,74009,0,0,0,62062,0,97,14292,0,0,0,0,0,0,0,4134,0,188762,56728,0,0,0,1054,69809,6323,0,0,0,0,0,0,0,0,136,0,1656,589,0,0,0,835,0,44,0,0,0,0,0,0,0,0,0,0,0,425667,0,0,13242,6357,0,0,0,0,0,0,0,0,54658,0,0,12248,0,0,0,0,0,0,0,38484,0,58584,1205,0,20000,8812,18,0,198116,0,11265,23217,0,0,0,0,0,0,0,0,0,0,0,0,0,374756,417683,0,0,0,22857,1698700,0
2/3/2021,0,910,0,0,0,0,2619,442600,0,3170,0,0,1019,0,0,0,10101,0,0,0,0,229153,2874,0,4220,0,0,170343,0,0,0,235,0,4381,1539,0,0,0,0,378794,0,1251,802703,288870,0,0,4181,71938,0,0,0,62964,0,95,14560,0,0,0,0,0,0,0,2417,1396,310634,49766,0,0,0,504,60034,9166,0,0,0,0,0,0,0,0,243,0,1629,672,0,0,0,862,0,648,0,0,0,0,0,0,0,0,0,0,0,718988,0,0,17064,25134,0,0,0,0,0,0,0,0,63901,0,0,9793,0,0,107,0,0,0,0,45085,0,17688,803,0,0,9375,198,0,402115,0,13420,21147,0,0,0,0,0,0,0,0,0,0,0,0,0,469016,714120,0,0,0,28073,2367316,0
2/4/2021,0,0,0,0,0,0,13521,645035,0,2926,0,0,2139,0,0,0,9932,0,0,0,0,551353,3238,0,6294,0,7811,174046,0,0,0,529,0,4861,1433,0,0,3246,0,388426,0,1706,845538,325008,0,0,9673,85576,0,0,0,59981,0,80,15156,0,0,0,0,0,0,0,14843,0,509893,54240,0,0,0,643,72350,13280,0,0,0,0,0,0,0,0,140,0,1531,659,0,0,0,797,0,1907,0,0,0,0,0,0,0,0,0,0,0,766253,0,0,11497,25969,0,0,0,0,0,0,0,0,54083,0,0,9103,0,0,0,0,0,0,0,48165,0,13278,0,0,0,8870,660,0,742166,0,26031,6413,0,0,0,0,0,0,0,0,0,0,0,0,0,480560,750241,0,0,0,32472,2998992,0
2/5/2021,0,0,0,0,0,0,0,924279,0,4022,0,0,2317,0,0,0,7900,0,0,0,0,1849,2539,0,9769,0,0,168628,0,0,0,0,0,5420,1584,0,0,0,0,401636,0,2063,772528,255571,0,0,5012,71161,0,0,0,64905,0,152,15182,0,0,0,0,0,0,0,14880,562,457404,44618,0,0,712,11,33757,17799,0,0,0,0,0,0,0,0,162,0,953,0,0,0,0,1062,0,1724,0,0,0,0,0,0,376200,0,0,0,0,1015793,0,0,14657,10626,0,0,0,0,0,0,0,0,21805,0,0,9607,0,0,0,0,0,0,0,43915,0,11443,0,0,0,8380,423,0,170477,0,0,9983,0,0,0,0,0,0,0,0,0,0,0,0,0,494163,1004300,0,0,0,33955,2883077,0
2/6/2021,0,502,0,0,0,0,9784,484032,0,2725,65000,0,2993,0,0,0,1241,0,2607,0,0,324515,156,0,7985,0,0,27873,0,0,0,0,3195,834,1036,0,0,0,0,458318,0,1565,687218,135815,58,0,4558,22328,0,0,0,45424,0,101,11656,0,0,0,0,0,0,0,6969,0,358473,32212,0,0,0,628,21516,14615,0,0,0,0,0,0,0,0,9,0,69,0,0,0,0,755,0,1028,0,0,0,0,0,0,0,0,0,0,0,1353087,0,0,6026,808,0,0,0,0,0,0,0,0,7759,0,0,8804,0,0,0,0,0,0,0,52839,0,0,502,0,0,2088,29,0,362172,0,0,3838,0,0,0,0,0,0,0,0,0,0,0,0,0,549808,1341467,0,0,0,32625,2887011,0
2/7/2021,0,0,0,0,0,0,11815,139253,0,595,0,0,8863,30593,0,0,307,0,0,0,0,134583,22,0,5330,0,0,8635,0,0,0,0,0,843,1909,0,0,0,0,229514,0,413,600387,302833,0,0,1141,5513,0,0,0,28038,0,0,0,0,0,0,5894,0,0,0,2663,0,37040,7222,0,0,2442,394,53910,9158,0,0,6122,0,0,0,0,0,2,0,2,684,0,0,0,502,0,583,0,0,0,0,0,0,0,0,176902,0,0,1334049,0,0,7563,320,0,0,0,0,0,0,0,0,5419,0,0,8487,0,0,0,0,0,0,0,27557,0,5836,0,0,0,180,0,0,155033,0,13375,1625,0,44236,0,0,0,0,0,0,0,0,0,0,0,278988,1328136,0,0,0,14354,2228722,0
2/8/2021,0,125,0,0,0,0,3002,553147,0,2014,0,0,9710,0,0,0,2337,0,0,0,0,45846,1761,0,10599,0,0,221430,0,887,0,0,0,4003,2545,0,0,0,0,252269,0,12,890460,536864,47,0,306,51102,0,0,0,53170,0,405,14715,0,0,0,0,0,0,0,2354,141,446646,30267,0,0,1246,403,58434,26761,0,0,0,0,0,0,0,0,256,0,226,149,0,0,0,896,0,710,0,0,0,0,0,0,0,0,0,0,0,779675,0,0,14128,120,0,2101,0,0,0,0,0,0,0,350499,0,4885,0,0,0,0,0,0,0,61299,0,0,125,0,0,7396,398,0,270278,0,9833,5989,0,0,0,0,0,0,0,0,0,6433,0,0,0,352480,761046,0,0,0,24784,2493685,0
2/9/2021,0,9,140,0,0,0,657,621542,0,2785,0,0,11824,148158,0,0,8049,0,896,0,0,206741,3075,0,9146,0,1028,242448,0,0,0,1648,0,5029,3552,0,0,0,0,311654,0,0,740516,322621,0,0,2917,68154,0,0,0,59109,0,398,12478,0,0,0,0,0,0,0,1231,0,352553,30822,3000,0,4004,3,66113,34518,0,0,0,0,0,0,0,0,141,0,1075,138,595,0,0,967,0,1738,0,0,0,0,0,0,0,0,0,0,0,539875,0,0,16052,5542,0,2046,0,0,0,0,3837,0,85357,0,0,5880,0,0,0,0,0,0,0,57447,0,0,9,0,0,7319,88,0,453683,0,15107,6431,0,0,0,0,0,0,0,0,0,0,0,0,0,411812,527067,0,0,0,26659,2355625,0
2/10/2021,0,3,0,255,0,0,14797,873398,0,3500,0,0,6655,158451,0,0,6625,0,0,0,0,283086,3069,1492,9828,0,73,272481,0,0,0,0,0,5506,3284,0,0,0,0,338855,0,3230,2012157,288661,36,0,4447,69815,0,0,0,72779,0,960,8122,0,0,0,0,0,0,0,1997,0,405553,124139,0,0,7959,16,70307,44870,0,0,0,0,0,0,0,0,429,0,4518,825,0,0,0,468,0,-14,0,0,0,0,0,0,0,0,0,0,0,926058,0,0,20099,22994,0,2041,27228,0,0,0,16575,0,0,0,0,4506,1200000,0,0,0,0,0,0,63178,0,48425,3,0,75000,6555,2494,0,586939,0,33663,2532,0,0,0,0,0,0,0,0,0,0,0,0,0,450810,916171,0,0,0,28678,4398555,0
2/11/2021,0,226,0,0,0,0,24877,638970,0,5167,0,0,5324,0,0,0,8030,0,0,0,0,256398,3884,0,12303,0,0,251249,0,0,0,3534,0,6239,5664,0,0,0,0,386734,0,2584,1005596,481360,0,0,9379,85537,0,0,0,73086,0,174,7388,0,0,0,0,0,0,0,15824,0,487896,47640,0,0,4376,3,80916,55193,0,0,0,0,14000,0,0,0,1102,0,7738,1079,0,0,0,854,0,0,0,0,0,0,0,0,0,0,0,0,0,952883,0,0,19657,20943,0,1832,0,0,0,0,33796,0,121563,0,0,3785,0,0,0,0,0,0,0,64878,0,0,226,0,0,7189,6834,0,566320,0,45331,1362,0,0,0,0,0,0,0,0,0,0,0,0,0,503116,940580,0,0,0,31847,3163995,0
2/12/2021,0,0,0,331,0,0,5374,3579868,0,8225,0,0,7621,0,0,0,6614,0,0,0,0,260195,2688,0,12424,0,260,229197,0,0,0,0,0,6691,12037,0,0,0,0,436925,0,2755,1028239,356308,0,0,10156,79109,0,0,0,79237,0,164,5949,0,0,0,0,0,0,0,20297,1285,462637,0,0,0,3999,1,38914,58227,0,0,0,0,0,0,0,0,1176,0,6302,0,0,0,0,1211,0,0,0,0,0,0,0,0,0,0,0,0,0,1123575,0,0,14357,8043,0,1764,0,0,0,0,32358,0,32970,0,0,4099,0,0,0,0,0,0,0,59820,0,117504,0,0,0,7695,6871,0,527124,0,0,1110,0,0,0,0,0,0,0,0,3067822,0,0,0,0,544603,1110891,0,0,0,33501,6258806,0
2/13/2021,0,3847,0,0,0,1341,3606,749286,0,5209,0,0,9720,398911,0,0,603,0,0,0,0,360468,523,0,12593,0,0,29506,0,0,0,0,6779,1573,6553,0,0,0,0,429497,0,1534,711738,204637,0,0,8743,24364,0,0,0,61515,0,165,4713,0,0,0,0,0,0,0,4443,0,77139,43140,0,0,1688,681,27367,45937,0,0,0,0,0,0,0,0,224,0,446,0,0,0,0,839,0,10,0,0,0,0,0,0,0,0,0,0,0,1235211,0,0,3330,893,0,369,0,0,0,0,18910,0,20337,0,0,4014,0,0,0,0,0,0,0,50329,0,0,3847,0,0,3890,710,0,412490,0,0,7457,0,0,0,0,0,0,0,0,185183,0,0,0,0,505362,1221267,0,0,0,22206,3112572,0
2/14/2021,0,0,0,0,0,1421,493,346402,0,452,0,0,6515,169353,0,0,73,0,0,0,0,95975,44,0,3562,0,0,4465,0,0,0,0,0,985,6232,0,0,0,0,187246,0,132,1133962,353744,0,0,3227,5912,0,0,0,39743,0,123,0,0,0,0,1905,0,0,0,1109,0,0,8421,0,0,3266,235,74638,26854,0,0,4867,0,0,0,0,0,1,0,0,1126,0,0,0,802,0,0,0,0,0,0,0,0,0,0,124257,0,0,1241131,0,0,6142,110,0,1621,0,0,0,0,5191,0,9835,0,0,3288,0,0,0,0,0,0,0,31416,0,94862,0,0,0,10603,16,0,106124,0,68957,2695,0,46830,440154,0,0,0,0,0,83159,0,0,0,0,237962,1236148,0,0,0,13158,2827619,0
2/15/2021,0,9,0,0,0,0,59,1125222,0,3881,0,0,2171,226678,4490,0,2051,0,0,0,0,33397,1423,0,1611,0,0,265831,0,7645,0,3050,0,6318,13867,0,0,0,0,219760,0,2,691334,407580,0,1515,684,42489,0,0,0,70187,0,247,14587,0,0,0,0,668,0,0,5661,1,373867,27348,0,0,2001,0,81304,56660,0,0,0,0,0,0,137000,0,720,0,3949,798,0,0,0,1169,0,23359,0,0,0,0,0,0,0,0,0,0,0,37105,0,0,12264,803,0,1281,0,0,0,0,11547,0,24637,100259,0,10309,0,0,0,0,0,0,0,32814,0,0,9,0,0,6726,79,0,313017,0,36073,3589,0,0,6747,0,0,0,0,0,271984,0,0,0,0,275956,0,0,0,0,11118,2166687,0
2/16/2021,0,7,0,0,0,0,1072,939142,0,6906,0,0,2044,226902,2193,0,4009,0,0,0,0,248207,2449,0,8369,0,0,219994,0,0,0,0,0,8596,13249,0,385,0,0,312669,0,586,762200,383411,0,0,6269,59860,0,0,0,81253,0,126,11791,0,146,0,0,0,0,0,6969,0,222349,24868,0,0,5700,273,83280,64914,0,0,0,0,0,0,0,0,1305,0,321,1567,0,0,0,1321,0,165701,0,0,0,0,0,0,0,0,0,0,0,1555075,0,0,8702,6026,0,0,0,0,0,0,7205,0,37826,0,0,18805,0,0,0,0,0,0,0,32070,0,0,7,0,0,4984,1044,0,476478,0,43687,3225,0,0,7499,0,0,0,0,0,376474,0,0,0,0,364865,1378281,0,0,0,11424,3732902,0
2/17/2021,0,3660,401,0,0,0,749,1169995,0,9616,0,0,4590,226755,2432,0,7089,0,0,0,0,1690,3251,1744,4827,0,611,188002,0,0,0,0,0,9624,10485,0,994,0,0,422576,0,1833,1014352,489164,0,0,13095,51885,0,0,0,93908,0,123,15130,0,0,0,0,0,0,0,16094,101,203639,28976,7000,0,9716,271,61761,70429,0,125,0,0,0,0,0,0,1814,0,4369,983,1405,0,0,1281,3636,129288,0,0,0,0,0,0,0,0,0,0,0,735610,0,0,9360,21812,0,1408,25540,0,0,0,3567,0,71997,0,100000,19180,0,0,0,0,0,0,0,34892,0,0,24,0,0,5560,4907,0,194008,0,66918,14242,0,0,20370,0,0,0,0,0,492810,0,0,0,0,482110,597458,0,0,0,15282,3117625,0
2/18/2021,0,3042,1348,0,0,0,18397,1463817,0,11481,0,0,5842,261945,2379,20944,10925,0,0,0,0,156918,3260,0,7316,0,0,155236,0,0,0,19344,0,12224,11475,0,3949,0,0,396262,0,3690,1131722,628785,0,0,14415,66917,0,0,0,91741,0,341,17154,0,0,0,0,0,0,0,26800,1007,536950,14205,0,0,8346,235,68952,81521,0,486,0,0,0,0,0,0,1494,0,6504,1248,0,0,0,1356,0,0,0,0,0,0,0,0,0,0,0,0,0,766684,0,0,8574,18891,0,1623,0,0,0,0,6844,0,80381,0,0,18824,0,0,0,0,0,0,0,31186,0,0,782,0,0,4594,8301,2260,337395,0,126790,23067,0,0,7717,0,0,0,0,0,550747,0,0,0,0,452454,753040,0,0,0,16432,3702660,0
2/19/2021,0,2362387,0,519,0,0,22559,750807,0,12793,0,0,4851,0,2917,0,17664,0,0,0,0,157558,12445,1373,23288,0,494,142104,0,0,0,0,0,11703,13914,0,4872,0,0,323802,0,5280,886549,495854,0,0,18172,63954,0,0,0,98381,0,36,18949,0,0,0,0,0,0,0,35488,449,311409,0,0,0,8429,1283,39542,85834,0,4428,0,0,0,0,0,0,1294,0,7135,0,0,0,0,1728,0,196754,0,0,0,0,2357283,0,0,0,0,30,0,1184677,0,0,6774,10738,30,2093,0,0,0,0,29429,0,52726,0,0,17487,0,0,0,0,0,0,0,26491,0,0,840,0,0,6333,6145,4264,351650,0,0,30307,0,0,5764,0,0,0,0,0,356804,0,0,0,0,371906,956352,0,0,0,14839,5536100,0
2/20/2021,0,94323,0,0,0,0,30656,758646,0,11175,0,0,3476,234564,1426,0,4227,0,0,0,0,115878,3915,0,32935,0,244,9638,0,0,0,0,7978,1908,10522,0,2887,0,0,306109,0,3773,661122,325341,0,0,14135,20280,0,0,0,76367,0,0,16769,0,0,0,0,0,0,0,18226,0,271383,59947,0,0,5515,1,31571,73524,0,0,0,0,0,0,0,0,753,0,947,0,0,0,0,888,0,55659,0,0,0,0,90433,0,0,0,0,70,0,925345,0,0,3092,500,70,516,0,0,0,0,25546,0,28292,0,0,17268,0,0,0,0,0,0,0,19299,0,0,0,0,0,6360,2519,3890,181718,0,0,39078,0,0,601,0,0,0,0,0,118111,0,0,0,0,334679,832194,0,0,0,6179,2621224,0
2/21/2021,0,5490,0,0,0,0,11315,315611,0,5499,0,0,3211,0,707,0,1885,0,0,0,0,61547,10948,0,29385,0,0,1164,0,0,0,0,0,1018,10825,0,1177,0,0,113987,0,588,724887,566379,33,0,11718,3548,0,0,0,56881,0,1065,1814,0,0,0,0,0,0,0,7922,0,160148,0,0,0,2174,298,79276,48663,0,0,3329,0,0,0,0,0,809,0,0,1406,0,0,0,769,0,25217,0,0,0,0,0,0,0,0,166333,0,0,874983,0,0,12021,58,0,2051,20114,0,0,0,4233,0,13061,0,0,14590,0,0,0,0,0,0,0,13546,0,0,516,0,0,6316,1,4974,78259,0,128305,35912,0,71306,12006,0,0,0,0,0,14899,0,0,0,0,141719,818497,0,0,0,2165,1999230,0
2/22/2021,0,113286,3635,0,0,0,1893,753631,20,5036,0,0,3262,225280,2545,0,9700,0,3904,0,0,39172,10730,0,29665,0,0,108110,0,2767,0,21142,0,10042,13526,0,0,0,6000,155084,0,511,848861,642845,0,217,0,39172,0,0,0,99243,0,1076,19164,0,0,0,0,1184,0,0,3639,1588,184021,0,0,0,4218,309,84847,99878,0,6895,0,10000,0,0,0,0,1753,0,3898,426,1700,0,0,1286,0,41084,0,0,0,0,104301,0,0,0,0,0,0,596431,0,0,10099,2572,20,1565,0,0,0,200,27403,0,39460,173978,0,16349,0,0,0,0,0,0,0,19753,0,0,0,0,0,5626,472,7671,178336,0,63596,15583,0,0,4495,0,0,0,440,0,220478,0,0,0,0,192341,510026,0,157,0,7405,2490565,1314
2/23/2021,0,99118,0,0,0,0,22867,3615454,2859,10089,0,0,3203,182896,2948,0,12181,0,0,0,0,145793,15438,3161,30136,0,1724,94215,0,0,0,0,6669,12772,14420,0,0,0,0,284897,0,2093,884143,522380,5,0,0,52745,0,0,0,105980,0,957,18328,0,0,0,0,0,0,0,13908,147,277205,45814,0,0,12550,2,77165,100991,0,0,0,0,0,0,0,0,2351,0,7520,823,0,0,0,1838,0,59667,0,0,0,652,83842,0,0,0,0,0,0,501978,0,0,10106,5749,2859,1557,0,0,0,345,26501,0,0,0,0,17413,0,0,0,0,0,0,0,22836,82,22561,3211,0,0,6151,1511,9256,289721,0,106609,12555,0,0,5650,0,0,0,0,0,368051,0,0,0,2643847,326692,406851,0,0,0,8853,5393273,4041
2/24/2021,0,293106,0,249,0,0,31705,928854,4029,16084,0,0,3523,181985,3541,0,14750,0,0,0,0,113209,17905,0,31815,0,465,86020,0,0,0,17460,0,13737,13714,0,12136,14556,0,396937,0,3789,1298159,791287,18,0,14344,56353,0,0,0,114411,0,584,17362,0,0,0,0,0,0,0,37039,0,299122,93233,0,0,16107,45,60846,113819,0,5954,0,0,6157,0,0,0,4278,0,10743,777,5584,0,0,2049,0,88541,0,0,0,0,275776,0,0,0,0,900,0,828672,0,0,13358,10973,4929,0,0,0,0,455,22035,0,134511,0,0,18237,0,0,0,0,0,0,0,27903,4005,28798,0,0,0,6148,6789,9494,267980,0,140881,26562,0,0,17084,0,0,0,0,0,245888,0,0,159,0,448962,692174,0,0,0,10764,3621700,7872
2/25/2021,0,274868,0,0,0,0,45437,895197,10592,16074,0,0,5155,177902,3705,0,22713,0,0,0,0,85973,17339,5331,42080,0,0,85925,0,0,0,9985,0,17831,14469,0,0,0,10000,432112,0,332,1238287,709841,0,0,17217,95690,0,0,0,129053,0,1148,17529,0,0,0,0,0,0,0,13240,1696,321309,98782,0,0,16646,164,51474,116026,0,4008,0,0,0,0,0,0,4132,0,10877,804,1407,0,0,1188,0,137006,0,0,1113,0,248844,0,0,0,0,0,0,1030040,0,0,13595,11149,10592,0,0,0,0,360,15422,0,0,0,0,17264,0,0,0,0,0,0,0,26949,7662,21784,4389,0,0,3222,10734,10838,233117,0,157476,0,0,0,4493,0,0,0,0,0,229829,0,0,1179,0,485720,837249,0,0,0,13064,3682101,11007
2/26/2021,0,189844,0,0,0,1167,61804,705910,7500,23534,0,0,2814,0,4350,0,24980,0,0,0,0,144714,13465,0,54136,0,0,78105,0,0,0,0,9378,15986,36016,0,0,0,0,452777,0,0,1309149,780360,0,0,27523,109435,0,0,0,141825,0,1121,16341,0,2854,0,0,0,0,6600,42318,518,346669,121661,0,0,14186,314,25680,120939,0,6634,0,0,0,0,0,0,3275,0,8939,0,1291,0,0,792,0,146320,0,0,175,0,167379,0,0,0,0,0,0,1318634,0,0,10490,8299,7500,0,0,0,0,160,15482,0,142589,0,0,17707,0,0,0,0,0,0,0,27224,9892,7943,0,0,0,3921,7211,11001,300265,18489,0,13164,0,0,4213,0,0,0,0,0,162908,0,0,1713,0,504493,1109807,0,0,0,14002,3831302,12579
2/27/2021,0,123244,0,0,0,0,73835,580096,5000,22520,0,0,2379,133833,3116,0,3676,0,1355,0,0,91067,5135,0,53922,0,0,10037,0,0,0,0,0,2922,6681,0,0,0,0,371364,0,8907,946333,501288,0,0,14662,50012,0,0,0,107525,0,806,15794,0,0,2224,0,0,0,7000,114081,0,235812,32584,0,0,8770,283,18237,114399,0,0,0,0,0,0,0,0,577,0,668,0,0,0,3580,145,0,109313,0,0,0,0,108139,0,0,0,0,0,0,1421818,0,0,5318,440,5000,0,0,0,0,0,6787,0,0,0,0,15074,0,0,0,0,0,35,0,23542,4012,35162,4312,0,0,8824,916,3655,182099,1833,0,35343,0,0,726,0,0,0,551,0,109495,0,0,90,0,407503,1251337,373,0,0,7279,3258590,15705
2/28/2021,8200,7727,0,0,0,0,37101,358417,1894,9715,0,0,2875,125752,1866,0,599,0,0,0,0,80792,2673,0,41381,0,0,355,0,0,0,0,0,2322,11007,0,0,0,0,161559,0,0,988914,784957,0,0,9130,6082,0,0,0,83682,0,0,0,0,0,0,0,0,2684,6400,7565,0,56406,75559,0,0,3349,240,40271,69748,0,0,4166,0,0,0,0,0,130,0,410,1004,2444,0,0,390,0,71638,0,0,0,0,0,0,0,0,209431,500,0,1454213,0,0,4404,538,2394,0,0,0,0,0,999,0,47853,0,0,10619,0,0,0,0,0,0,0,17883,1365,3435,0,0,0,5566,0,3224,119247,855,205765,24374,0,97917,9678,0,0,0,0,0,15281,0,0,0,0,185900,1336644,0,0,0,2054,2930912,18843
3/1/2021,0,146099,0,0,0,0,23641,1033107,1808,7623,228360,0,2932,0,2510,0,10594,0,0,0,0,23578,9698,11230,45927,0,0,137115,0,46533,0,17329,0,19241,19794,7202,33600,15102,0,160580,0,1223,2961891,780210,0,0,13602,62586,0,0,0,143825,0,0,21879,1343,0,203,0,0,0,7000,36430,1490,411262,84612,0,0,5651,193,45522,110057,0,3255,0,0,0,0,0,0,1527,0,7385,562,668,0,21672,1286,0,69853,0,0,243,0,132673,0,0,0,0,0,0,1167988,0,0,11989,5923,1808,0,0,0,0,0,8917,0,40919,136492,0,31020,1940332,0,0,0,0,240,0,22783,8281,21692,12,0,67715,5932,1138,2520,226370,0,74417,42925,0,0,6636,0,319,0,0,0,105635,0,0,1764,0,203168,960817,18017,0,0,7816,5537263,21456
3/2/2021,0,100048,0,0,0,0,68234,1438247,8205,22490,0,0,1568,230980,2110,0,16566,417,0,0,10325,264087,17483,8880,62073,0,0,158913,0,0,0,0,0,26653,16714,0,45000,0,0,181316,0,2450,1042268,752795,0,0,0,96873,0,0,0,163913,0,834,23684,0,0,0,0,0,0,13000,36360,108,650434,191721,0,0,12506,768,40995,128911,0,2987,0,0,0,0,0,0,1876,0,8731,821,950,0,28035,1519,0,53328,0,0,0,0,88798,0,0,0,0,0,0,1185378,0,0,7630,10517,8205,0,0,0,0,110,6390,2793,0,0,0,37216,18002,0,0,0,0,305,0,27518,4639,24679,0,0,0,5590,2155,2990,522768,66251,130284,44546,0,0,7281,0,6943,0,0,0,148164,0,0,1983,0,224996,1022450,14709,0,0,8532,4296914,25077
3/3/2021,0,104191,0,0,0,0,51470,1517842,8933,24931,43955,0,1291,0,1624,0,23330,256,1635,0,0,307926,4049,7699,67239,0,0,157776,0,0,0,0,0,30208,13007,0,56827,0,0,231002,0,0,1439064,956647,21,0,19960,112039,0,0,0,172197,0,869,25481,0,0,0,0,0,0,11800,27403,0,832350,318066,0,0,0,635,42118,143114,0,2531,0,0,0,0,0,0,3909,0,9698,925,1027,0,27049,2144,0,31088,0,0,396,0,87705,0,0,0,0,7931,0,1258801,0,0,11702,17657,16864,0,0,0,0,65,6040,0,147611,0,0,38069,129089,0,0,0,0,303,0,26729,5700,29469,360,0,0,4235,6476,7533,544568,66993,147861,46170,0,0,22342,0,0,0,0,0,116793,0,0,2680,0,278956,1100132,21291,0,0,9523,4881330,27970
3/4/2021,0,93630,0,0,0,0,66779,1638666,10168,23667,0,0,1657,239664,1583,0,40321,144,0,0,0,303633,15536,0,73262,0,0,144629,0,0,0,28915,0,32516,17433,0,65892,17202,0,320388,0,5877,1998887,1154053,27,0,21109,146752,0,0,0,177552,0,408,25934,0,0,0,0,0,0,10200,77513,5298,1057714,0,0,0,30200,8,39515,147802,0,1871,0,0,0,0,0,0,5849,0,10221,1322,1027,0,19280,2387,0,0,0,8449,0,0,74924,0,0,0,0,0,0,1323066,0,0,11290,16255,10168,0,0,0,0,30,3695,0,86792,0,0,36386,413752,0,0,0,2094,500,0,29064,6725,12538,834,0,32285,4370,6686,8459,556979,71432,208913,51000,0,0,8442,0,0,0,0,0,113021,0,0,2913,0,376244,1180091,8974,12037,0,15502,5621396,30658
3/5/2021,0,151161,0,0,0,0,88809,1589730,10859,32571,0,0,1523,0,2038,0,36853,179,0,0,0,283294,12694,0,82668,0,4992,136109,0,0,0,0,0,28336,16652,0,75771,11832,0,385681,0,5184,1572812,888179,13,0,23135,189543,0,0,0,195626,0,534,28724,0,0,0,0,0,0,10300,86544,552,1199848,127492,0,0,17345,65,17186,150202,0,7295,0,0,0,0,0,0,4665,0,9309,0,930,0,13298,2184,0,84825,3849,0,323,0,57590,0,0,0,0,0,0,1762500,0,0,9208,11878,10859,0,0,0,0,0,4556,0,0,0,0,38459,207003,75056,0,0,0,497,0,26197,9697,12076,0,0,0,5565,4588,8151,533793,70527,0,48530,0,0,7103,0,0,0,0,0,92801,0,0,3277,0,437463,1512027,9193,0,0,16377,5620855,31325
3/6/2021,0,125967,0,0,0,0,0,1342152,5073,24953,0,0,3,0,406,0,7692,0,0,0,86072,0,2541,25937,72202,0,0,9671,0,0,2058,0,0,11894,14636,0,71775,0,0,383618,0,0,1407987,807984,0,0,31967,190767,0,0,0,152622,0,982,27512,0,0,0,0,0,0,11400,31904,0,1171620,0,0,0,9548,32,10689,136742,0,0,0,0,0,0,0,0,765,0,483,0,1190,0,14694,2383,0,33592,0,0,156,0,35928,0,0,0,0,0,0,1989127,0,0,5695,380,5073,0,0,0,0,0,2642,0,101460,0,0,39984,173949,83842,0,0,0,459,0,15881,2057,4826,0,0,0,18794,1337,1393,98385,18276,0,24757,0,0,1106,0,0,0,0,0,63586,0,0,1279,0,416834,1811152,0,0,0,11640,4968691,32014
3/7/2021,0,40701,0,0,0,0,152370,772622,4405,11158,0,0,1320,100983,431,0,1291,0,0,0,723,0,1508,4338,56065,0,0,1065,0,0,0,0,16917,11375,12063,0,0,0,0,140108,0,9182,1230005,993690,0,0,0,109388,0,0,0,114538,0,995,0,0,0,0,0,0,0,9300,21313,0,59600,475142,0,0,2372,8,31003,80474,0,0,5858,0,0,0,0,0,71,0,0,1868,838,0,12112,1523,0,0,0,0,0,0,0,0,0,0,203147,0,0,1571357,0,0,5889,91,4405,0,0,0,0,50,128,26473,0,0,0,37324,46011,39555,0,0,0,0,0,14909,920,477,0,0,29000,12449,0,0,154336,2209,199611,5284,0,146118,17822,0,0,0,0,0,15020,0,0,910,0,164143,1514861,0,0,0,3237,3773426,32240
3/8/2021,0,273920,0,49,6169,0,20124,2141190,5024,10022,0,0,1276,0,76,0,15241,0,0,0,5116,0,4904,6778,76796,0,0,136289,0,48146,866,20167,0,29156,9617,0,24776,3324,0,183736,0,0,1188461,897340,9,0,930,114362,0,0,0,183300,202252,0,28248,0,0,0,0,0,0,10800,44331,2276,1715380,0,0,0,7007,1,27410,129931,0,24327,0,0,0,0,185000,0,1654,0,7929,647,784,0,26643,2593,0,82933,0,0,656,0,48326,0,0,0,0,0,0,1364248,0,0,7724,4890,5024,0,0,0,0,100,14496,14734,43705,91048,0,38284,8467,10224,0,0,0,361,0,14718,1731,50926,806,0,13620,5145,1410,268,207548,66481,107709,7500,0,0,7042,0,0,0,0,0,40080,0,0,1171,0,215273,1131521,28099,0,377,9095,5180391,35518
3/9/2021,0,74661,0,0,0,0,98789,1791766,8539,24373,74181,0,903,331811,364,0,20673,470,0,0,6974,0,7028,11543,65955,0,0,138784,0,0,1439,0,0,35564,10928,0,80196,786,0,181127,0,4393,1258206,958082,0,0,9158,168089,0,0,0,193020,0,291,26900,0,0,0,0,0,0,9700,60746,0,1060944,0,0,0,13561,1077,26530,140762,0,36762,0,0,0,0,0,0,2318,0,10487,1292,1025,0,29560,2728,0,249776,0,0,0,0,55146,0,0,0,0,0,0,1480057,0,0,4574,12439,8539,26858,0,0,0,55,15566,0,71599,0,0,42298,12984,11371,0,0,0,365,0,19781,1249,43460,0,0,0,3229,3681,5213,282743,63595,105255,6713,0,0,7845,0,0,0,0,0,111496,0,0,4362,0,217301,1083296,21789,0,145,11819,4895972,35761
3/10/2021,0,202714,0,1211,0,0,123197,2172726,11292,23801,17139,0,1185,0,506,0,26316,1023,2101,0,7801,150385,5903,20348,73585,0,0,135516,0,0,4439,0,0,40688,12069,0,66854,0,0,206720,0,4020,1418076,960201,0,0,24483,172925,0,0,0,213951,97748,501,26744,0,0,0,0,0,0,17000,41766,0,1030254,685941,0,0,13573,1133,23066,155780,0,41357,2024,0,0,4000,0,0,2418,75341,12995,2163,1175,0,28000,2402,0,386933,2598,0,0,240,62922,0,0,0,0,8569,0,1893865,0,0,5594,20959,19861,3650,0,0,0,961,11073,70500,0,0,0,42360,123062,8906,0,0,0,603,0,16642,188,21067,2538,0,0,3990,4673,21833,454071,53694,127181,8323,0,0,34932,0,26359,0,0,0,68961,0,0,5898,0,243887,1362623,25138,0,433,14931,6161313,35901
3/11/2021,0,70461,0,0,0,0,139571,970593,18800,38418,8214,0,275,204164,440,0,42479,2444,0,0,5337,240713,14177,20054,93860,0,0,171026,0,0,0,0,0,44139,4597,6363,58915,20657,0,211393,0,4033,1668626,1262564,0,0,24400,232506,0,0,0,215852,0,0,24481,0,0,17520,0,0,0,15300,80270,3972,401360,121361,0,0,17157,1095,23077,158895,0,31826,0,0,0,0,0,0,2622,1542,460,2865,1354,0,25986,3351,0,0,1669,0,0,0,50597,0,0,0,0,0,0,1800066,0,0,7934,11947,18800,0,0,0,0,1829,7328,0,194163,0,0,39667,93358,9988,0,0,0,616,0,18836,0,15301,631,0,0,11294,6063,9127,608812,45642,100675,7450,0,0,8436,0,0,0,0,0,62358,0,0,8859,0,260809,1620524,22351,0,630,22646,5137358,36019
3/12/2021,0,57139,0,0,0,0,154988,1932639,10103,51401,7039,0,15,0,277,-944,29642,2511,0,0,4851,268122,8737,17683,107824,0,4162,150859,0,35985,0,31256,0,38168,3362,0,0,27261,0,312716,0,0,1621331,1101342,641,0,25845,283429,0,0,0,245070,0,39,23390,0,0,8587,7550,0,0,16300,63587,729,1639663,73115,0,0,16273,747,11101,146621,0,46453,0,0,0,0,0,0,4908,1294,10598,0,1046,0,25942,2712,0,513671,1225,0,312,0,38527,0,0,0,0,0,0,2581943,0,0,6833,2311,10103,0,0,0,0,3128,7285,0,55897,0,0,38767,85036,10132,0,0,15295,522,0,22487,0,35041,0,0,0,13319,8360,7201,639219,37381,0,1217,0,0,7898,0,0,0,0,0,50727,0,1015,9304,0,369578,1893631,22725,0,3663,27542,6842374,36283
3/13/2021,0,156869,0,0,0,1071,156570,1587688,24191,45097,6428,0,10389,0,615,0,7264,0,0,0,637,152594,813,14227,101186,0,0,24219,749059,0,0,0,0,16716,4536,0,0,2274,0,457632,0,13931,1415766,800947,0,0,22385,218966,0,0,0,195261,0,639,22251,0,0,2356,0,0,0,14900,25852,0,1232131,216422,0,0,8497,41,7879,126510,0,0,0,0,0,0,0,0,901,0,1033,0,1197,0,16253,2186,0,208749,2090,0,0,0,41637,46439,0,0,0,0,0,3232683,0,0,3733,33,24191,0,0,0,0,2060,5254,0,23039,0,0,38041,73181,4464,0,0,0,26,0,21574,62981,22074,0,0,0,21617,6051,329,1103085,4226,0,9643,0,0,1031,0,20221,0,0,743,28979,0,200,3596,0,512108,2918706,10418,0,4793,29169,7520282,36359
3/14/2021,0,16523,0,0,0,0,56583,441662,0,25224,3270,0,14508,179967,695,0,18,0,0,0,431,48887,325,8841,90656,0,0,2698,54597,0,6135,0,0,11921,1233,0,0,0,9000,223017,0,5434,1077731,767515,0,0,8790,63372,0,0,0,134654,0,0,0,0,0,3327,0,0,0,13700,15329,0,144750,34528,0,0,965,764,20881,71857,12099,0,2064,0,0,5144,0,0,72,0,24,3921,1130,0,9595,1697,0,125625,0,0,419,0,0,0,0,0,186699,0,0,1146451,0,0,4266,3,0,0,0,0,0,1735,553,0,9837,0,0,33722,20907,3911,0,0,0,298,0,20294,0,6673,0,0,0,16235,0,0,165484,1074,0,2603,0,176186,20060,0,0,0,0,1333,5251,4850,0,2018,0,257010,900199,0,0,1564,9433,2847851,36359
3/15/2021,0,96895,0,3448,0,0,20187,3369279,0,18173,0,0,12954,0,839,0,25573,2141,1412,0,3547,357509,1251,0,119055,0,0,157509,65338,2262,244,0,0,27759,2835,0,68994,1832,0,330676,0,5280,1341047,908641,0,0,833,160119,0,0,0,186736,0,21,242,0,5606,8113,0,0,0,15300,12478,153,2627099,146738,0,0,2628,715,19893,99884,0,55204,0,105772,48938,0,0,0,3643,3625,6838,1256,1066,0,19632,2925,0,64674,1323,0,0,0,14541,0,0,0,0,0,8000,1543331,0,0,4558,99,0,6835,0,0,0,285,11580,101497,22138,91379,0,39826,0,56566,3000,0,0,300,0,34516,7932,24062,997,0,156634,13816,1331,2209,629413,13192,181698,11489,0,0,6672,0,0,0,0,479,19151,0,1626,8928,0,386685,1270235,11626,0,4260,16935,6979965,37660
3/16/2021,45800,41155,0,0,0,0,111646,2536959,0,21454,0,0,11271,182297,1502,0,41531,1387,0,0,4218,0,2553,0,116001,0,2502,166172,59933,0,2267,0,0,38125,6813,0,0,0,0,370842,5765,3369,1022252,556916,87,0,13402,0,0,0,0,111898,0,36,18276,0,0,5800,0,0,4416,23300,50269,0,1782553,302089,0,0,8318,590,18570,67548,3997,67446,0,0,0,0,0,0,55,4296,5515,2863,1080,0,25177,4406,0,0,2060,0,1228,0,11075,0,0,0,0,0,0,1223679,5300,0,6782,5642,0,0,0,0,0,630,10467,0,37875,0,0,44299,0,3693,0,6903,0,657,0,38311,5089,9432,0,0,0,15615,272,9533,359300,19584,62460,12292,0,0,6984,0,0,0,0,0,36374,0,1843,0,0,433320,1081171,6234,0,4830,17385,5183345,39550
3/17/2021,0,46614,0,0,0,0,105587,2268672,0,24967,0,110,13632,0,1387,0,36991,971,0,0,4500,531832,2684,0,133537,0,0,150991,42313,0,1665,0,0,36830,10723,0,0,0,11000,392769,0,3753,1338780,945304,185,0,25476,334936,0,0,0,123225,0,82,19721,0,0,6930,0,0,21470,24600,44364,2604,1738750,236297,0,0,4828,0,17489,83894,0,73352,1604,33684,0,10856,0,40732,62,2121,2672,2622,954,5417,20705,2248,0,316022,1317,0,709,220,8265,0,0,0,0,9000,0,2025987,0,0,5389,23021,9000,4841,0,0,0,456,15539,0,89736,0,0,40983,-165774,3990,0,0,0,651,0,41184,2001,9346,0,0,0,15352,448,11127,859088,19597,38789,9657,0,0,26855,0,0,0,0,0,28902,0,3236,30630,0,462246,1534340,7870,0,3359,22904,6548141,39607
3/18/2021,0,186996,0,0,42831,0,119133,2295629,0,26117,0,6890,11553,107433,2196,0,56287,1207,0,0,4284,258338,2361,0,150722,0,1591,148205,51364,0,1653,0,0,37004,14628,0,0,0,5512,451465,0,5179,1284307,656136,136,0,35298,0,0,0,0,117396,120000,85,19628,0,0,5122,0,0,0,22700,35848,404,1825443,133504,0,0,10397,1,15916,83121,0,67217,0,0,21653,0,0,0,14,2755,2764,2650,974,3674,17121,3457,0,189979,0,0,355,0,0,0,0,0,0,0,0,2188979,0,0,9391,20991,0,0,0,0,0,233,24696,24300,88593,0,0,43111,51689,2046,0,0,0,561,0,43458,2038,17401,390,0,0,16526,1677,8862,642724,18144,54080,9136,0,0,8288,0,0,0,0,0,14288,0,5107,0,0,528260,1825760,36471,0,3492,23946,6598635,40002
3/19/2021,0,46566,0,0,0,348,93610,2867137,0,43561,0,0,9930,0,1992,0,46720,1856,0,0,3229,260705,3865,0,157064,0,364,139495,55233,0,1677,47199,0,33728,7762,0,0,0,0,535489,0,6645,1437299,657723,0,0,29556,0,0,0,0,156631,0,79,21476,0,0,6217,0,13672,8747,27500,42796,686,2415800,286196,0,0,8741,0,6775,94944,0,63041,0,0,0,0,0,0,413,1599,3169,0,1086,6235,10672,1357,0,0,2462,1301,432,0,14162,0,0,0,0,0,0,1914468,0,0,7392,6749,0,0,0,0,0,85,24642,0,50753,0,0,42693,113729,5666,0,677,2858,589,0,44320,2611,18438,0,0,0,12719,2995,5708,635689,15951,0,8938,9196,0,8553,0,0,0,0,4306,16224,0,4516,11628,0,614930,1734345,35822,0,3425,27729,6901159,41687
3/20/2021,0,21327,0,0,0,0,89567,2860809,0,36770,29078,0,10966,72923,902,0,20049,0,0,0,543,128839,2618,0,128760,0,0,23138,49733,0,1728,0,22941,14646,2938,0,0,0,0,686424,0,6447,1889975,1079153,0,0,23321,515491,0,0,0,163635,0,125,20300,0,0,2453,0,0,0,26500,42892,0,2283157,408431,0,0,4640,0,5150,110584,0,0,0,0,0,0,0,0,400,24,483,0,1344,0,7644,2186,0,462627,0,0,320,0,5355,0,0,0,0,0,0,2731906,0,0,4785,458,0,0,0,0,0,1,15944,0,20274,0,0,46178,51116,3945,0,0,0,0,0,34160,8311,1471,0,0,0,18579,3781,0,322879,1161,0,4697,2683,0,1056,0,0,0,0,0,8344,0,1465,3968,0,752308,2137164,12431,0,1390,26939,7826896,42210
3/21/2021,0,21548,0,0,0,0,42054,565501,0,11494,0,0,10042,0,644,0,382,0,0,0,387,69903,1887,0,87858,0,0,2977,29589,0,468,0,0,7294,4930,0,0,19711,7488,295359,0,2227,1027360,615102,0,0,7597,52956,0,0,0,126454,0,81,0,0,0,414,0,0,5756,23800,26359,0,449115,33901,0,0,3718,0,12922,83290,0,0,1395,19822,0,0,0,0,24,1204,12,3513,1188,9224,9692,2201,0,132176,1901,0,0,0,0,0,0,0,97886,0,0,2284532,0,0,19770,187,0,0,0,0,0,0,666,0,8464,0,0,41657,15246,1183,0,0,0,0,0,37460,0,2904,0,0,0,15323,0,0,165292,20,0,645,0,117434,20823,0,0,0,0,5635,1620,1652,4519,2715,0,367006,2048544,5,0,1530,14417,4064233,42729
3/22/2021,0,28599,0,0,0,0,20574,4058990,0,12966,0,0,10876,151155,29,0,26678,1196,2242,0,2977,440498,4836,0,142717,0,1290,146161,20776,16110,89,30826,0,23950,4118,0,0,0,0,282561,0,1325,1480408,1123505,79,0,1677,171587,0,0,0,183187,0,0,20914,0,0,3139,0,0,0,25200,46835,88,3056851,164930,0,0,7972,0,12980,124922,0,70115,0,0,0,0,178000,0,2376,4221,6828,1023,1248,1039,9716,4160,0,151373,0,0,0,0,593,0,0,0,0,0,0,1674743,0,0,0,1504,0,10993,0,0,0,1,6969,96359,47020,253316,0,23274,0,4006,0,0,0,405,3965,32272,10485,5876,0,0,222043,18107,1118,0,677042,3953,104490,8490,1870,0,8150,1578,0,0,0,5524,28091,0,2333,10904,0,329897,1356647,37216,0,2191,15064,7919782,43294
3/23/2021,0,54434,0,0,0,0,83696,3005276,0,18096,0,0,11193,0,984,0,41266,1080,0,0,4010,950016,7898,52067,118799,0,0,149923,59045,0,1351,0,0,25909,6109,0,125000,2849,0,268651,0,1947,1413616,1012542,0,0,9014,246194,0,0,0,206231,0,51,20711,0,0,5945,0,0,0,23400,59674,9,2100799,657627,0,0,12004,0,2568,148601,0,43801,0,0,0,0,0,0,5026,4341,7145,1904,1550,13215,7810,3927,0,0,700,0,1237,0,435,0,0,0,0,0,0,1409887,0,0,7335,13089,0,0,0,0,0,4035,9134,0,96345,0,0,31302,0,5179,0,0,0,285,0,34940,10810,16473,643,0,27703,17754,3927,11274,1298381,23052,41558,0,967,0,9922,1640,0,0,0,4020,45896,0,6666,33658,0,325650,1158079,34706,0,1829,14724,7181594,44135
3/24/2021,0,567473,0,0,38022,0,75704,2700868,0,20492,0,0,13118,157147,0,0,49528,900,0,0,4942,589282,10917,6353,165660,2184,637,153531,74249,7206,1807,0,0,26302,9866,0,0,8912,0,275881,0,2748,1596141,1170815,0,0,17015,254094,0,0,0,224934,80000,62,16873,0,1215,4726,0,0,0,9800,51409,180,2114586,0,0,0,14184,0,10670,164213,0,38731,494,41919,0,44100,0,0,5391,3171,12062,1716,1444,15833,6819,3641,0,304423,2260,0,1887,0,18864,0,0,0,0,14500,269458,2026438,0,0,8471,39002,14500,8361,0,0,0,5424,9441,171676,138382,0,0,30797,0,4906,0,0,0,29,0,36099,17437,7625,32,0,0,17663,7326,13551,957273,29512,91262,0,1282,0,36122,1951,42346,42092,0,0,41358,0,13918,0,0,337665,1541671,34506,0,1906,17214,7862693,49404
3/25/2021,0,59430,0,0,0,0,35806,2760402,0,28338,0,0,11489,70407,37,0,54819,0,0,0,5833,490776,11135,0,183454,0,357,157105,48018,0,1649,0,0,25817,7736,2493,0,0,0,258050,0,5274,1592059,1171806,0,0,23913,327802,0,0,0,236432,0,439,116,0,0,5618,0,0,0,8100,56034,1436,2154934,340619,0,0,18961,0,9884,177449,16904,31571,0,0,0,0,0,0,4647,3096,10008,1786,1247,0,6437,3992,0,108777,3991,0,1896,0,5221,0,0,152,0,0,0,2189096,0,53886,8339,38582,0,0,0,0,0,5624,8973,0,0,0,0,30169,0,297,0,0,0,0,0,37121,13423,0,0,10673,0,15595,11810,12321,794562,34327,103674,0,0,16299,12290,1884,0,0,0,9986,30113,0,220,36677,0,324942,1871456,42427,0,2408,21432,7341663,54892
3/26/2021,0,105429,0,0,0,0,94084,3034242,0,30842,27756,0,7887,0,887,20518,47942,2229,0,0,6527,413569,10653,0,208681,0,0,165443,88933,0,1569,24468,0,24101,6147,0,0,19887,0,344008,0,0,2028114,1535107,198,455,26234,351659,0,0,0,254165,0,129,10632,0,0,3224,0,0,0,8600,67078,55,2425146,448558,0,0,18078,0,3982,184688,0,43993,0,0,0,26240,0,0,3258,2389,9689,0,1263,35470,3493,4652,0,215190,3277,0,1553,0,4263,0,0,0,0,0,0,2645814,0,0,7587,17234,0,0,0,0,0,4752,10624,0,261437,0,0,26386,0,0,0,0,0,26,0,35975,13986,28432,0,0,0,16570,13445,10873,851236,24823,113995,0,3985,28988,10280,2179,0,0,0,6827,32398,0,0,0,0,411305,2215603,40948,2029,1775,23735,8664835,61093
3/27/2021,0,60672,0,0,0,0,84588,2201151,0,25376,0,0,6167,0,0,0,18005,0,1368,85949,1535,434093,3272,0,161202,0,0,12883,102676,0,2291,0,0,8197,9998,0,0,2229,0,367393,0,14266,1220820,779821,267,0,22628,192012,0,0,0,208619,0,144,9453,0,0,1313,0,0,0,7700,32867,0,2014818,11649,0,0,10618,10290,1717,169144,0,0,0,0,0,0,0,0,238,498,3032,0,1697,19419,1570,4232,0,226219,3163,0,1440,0,8639,0,0,0,0,0,0,2539599,0,0,7329,566,0,0,0,0,0,2126,4654,0,0,0,0,26852,0,0,0,993,0,0,0,27351,6414,0,0,0,0,14324,6688,603,659901,1584,0,45809,2394,0,828,145,0,0,0,5458,21570,0,13475,0,0,424301,2148504,12723,0,278,22228,6682143,65466
3/28/2021,0,256186,0,0,0,0,50911,598535,0,9668,0,0,9546,0,0,0,1383,0,0,97322,370,172199,1935,0,142460,0,0,966,73709,0,0,0,0,5431,10808,0,0,0,21000,252376,0,2147,1086615,709701,0,0,0,55625,0,5345,0,138183,0,150,0,0,0,671,0,0,0,6700,16849,0,218798,245188,0,0,3216,0,2028,119899,0,0,688,0,0,0,0,0,28,3213,100,5801,1378,2066,3468,3295,0,0,0,0,1720,0,0,0,0,0,196001,0,236168,2087565,0,0,3882,329,0,0,0,0,0,1210,684,0,104324,0,0,24600,0,0,0,0,0,0,0,24123,0,37748,0,0,0,9150,1258,0,300977,108,0,9889,927,0,36530,35,0,0,0,0,0,0,9562,6201,0,293548,1923434,1,0,862,13167,4329878,68511
3/29/2021,0,86766,0,0,43728,0,20339,1276689,0,20041,0,0,8852,180223,22,0,16676,0,0,91432,5315,328623,6893,0,181718,0,1039,150779,112003,10688,993,12732,0,18407,17894,0,0,7687,0,186329,3983,488,2675089,1161889,0,0,11104,206867,0,0,4924,198915,0,4,11129,0,0,4500,4246,0,0,6600,0,5789,551164,0,0,26727,9831,0,6708,170283,0,44039,0,0,0,0,0,0,1669,4268,5786,0,1197,0,10252,4421,0,266005,0,0,1176,0,714,0,0,0,0,0,0,1848571,0,0,10258,4725,0,10699,0,0,0,3285,3395,0,0,0,0,23664,1235525,0,0,0,0,0,5759,27262,2376,0,0,0,144307,18257,1131,8060,667612,28482,405701,312,0,0,10494,1479,0,0,0,8778,153748,0,11135,14432,0,236809,1384599,36186,0,1276,12960,6554727,69751
3/30/2021,0,81352,0,0,0,0,93448,2381338,0,27973,0,0,6049,0,4,0,24152,0,0,66214,6501,124480,10430,0,162395,0,0,133222,122255,0,2979,0,0,23613,21658,0,56474,0,0,176063,0,0,1405499,1064076,788,0,18933,0,0,0,0,200768,0,0,13785,0,0,5557,0,0,0,5400,90682,0,1777637,0,0,0,13114,2194,7800,179705,0,27242,0,53749,0,0,0,0,4276,8915,6334,2298,1825,11505,11369,4405,0,0,0,0,160,0,12905,0,0,0,0,0,0,1500253,0,0,8383,31483,0,0,0,73964,247539,2045,2783,0,172814,0,0,27244,39595,0,0,0,0,146,0,27998,13651,10793,554,15163,0,17520,7482,12042,523201,29754,125305,9102,1224,71585,11679,1757,55225,0,0,0,243496,0,9360,18668,0,225917,1028284,37243,0,1840,13473,5891643,72944
3/31/2021,0,325618,0,0,0,0,140908,2970232,0,20743,0,0,8336,50752,13,0,56061,1656,0,53848,7895,808867,11790,0,212991,0,832,126083,98502,0,2786,37076,0,22128,13069,0,0,0,29855,188045,0,4547,2148118,1668474,0,0,29941,530792,301,0,2898,184098,0,108,11975,0,0,3014,0,17190,0,5100,54919,3867,1794166,574312,0,0,0,635,7994,202741,0,24213,0,0,0,71431,0,0,4403,5381,12147,2241,1709,11192,9532,4629,0,737704,6436,0,1212,0,4547,0,0,1349,0,10683,204786,2535309,2435,0,6901,35466,10683,11615,0,4415,0,1654,3565,0,168529,0,0,24914,118077,0,0,0,0,39,0,27786,13004,13905,0,0,0,17571,13279,12171,1239372,24371,221541,9752,1529,19340,40860,1752,0,0,0,0,380086,0,0,17170,0,239434,1549244,33179,0,0,16702,9229332,76995
4/1/2021,0,154947,0,0,0,0,127889,4135728,0,17718,48065,0,6726,0,7,0,40242,0,0,40072,8223,69004,11155,0,196311,0,131,130875,8610,0,2572,0,0,23454,4179,0,143526,0,20621,122410,1342,4460,1610794,1247466,0,0,38262,297525,0,0,0,0,0,533,21730,0,0,2273,0,0,0,5300,90732,0,3365597,361414,0,0,0,1175,7947,182281,0,16156,0,0,0,0,0,0,3166,3467,0,2710,1755,10690,15660,5151,0,0,1833,0,518,0,8895,0,0,350,0,0,100453,2334890,0,0,8992,9238,0,0,0,5443,0,167,178,0,173252,0,0,25225,155075,0,0,0,0,0,0,22421,14188,22034,437,0,0,18078,15022,5224,385952,37496,231064,6534,0,42060,0,2050,0,0,0,0,212046,0,0,19099,0,153823,1972021,41006,0,0,0,8622311,87791
4/2/2021,0,45715,0,0,0,0,97857,4199419,0,0,11509,0,5352,0,0,0,0,0,0,18758,0,1109152,9608,0,70648,0,0,1737,0,0,2522,0,0,6377,0,0,0,0,0,0,0,8002,361863,262436,0,0,34456,0,2132,0,0,0,0,554,21222,0,0,0,0,0,0,5100,0,0,3932791,53152,0,0,0,1201,0,172757,0,20026,0,0,0,0,0,0,482,1797,0,0,0,9822,0,0,0,680917,0,0,1559,0,1838,0,0,0,0,0,0,2991016,663,0,0,0,0,0,0,0,0,0,0,0,0,0,0,0,88068,0,0,0,0,0,0,0,13377,7382,0,0,0,0,9532,0,1251009,39487,0,4201,1703,0,0,0,0,0,0,0,107246,0,0,0,0,0,2239451,40560,0,0,0,8849022,103815
